{"v":"5.5.1","fr":30,"ip":0,"op":94,"w":300,"h":300,"nm":"v2 23","ddd":0,"assets":[],"layers":[{"ddd":0,"ind":1,"ty":4,"nm":"Layer 6","sr":1,"ks":{"o":{"a":0,"k":100,"ix":11},"r":{"a":0,"k":0,"ix":10},"p":{"a":0,"k":[150.85,131.5,0],"ix":2},"a":{"a":0,"k":[0.85,-18.5,0],"ix":1},"s":{"a":0,"k":[100,100,100],"ix":6}},"ao":0,"shapes":[{"ty":"gr","it":[{"ind":0,"ty":"sh","ix":1,"ks":{"a":0,"k":{"i":[[-0.331,0],[0,0.332],[0.331,0],[0,-0.331]],"o":[[0.331,0],[0,-0.331],[-0.331,0],[0,0.332]],"v":[[79.5,20],[80.1,19.4],[79.5,18.8],[78.9,19.4]],"c":true},"ix":2},"nm":"Path 1","mn":"ADBE Vector Shape - Group","hd":false},{"ty":"fl","c":{"a":0,"k":[1,1,1,1],"ix":4},"o":{"a":0,"k":100,"ix":5},"r":1,"bm":0,"nm":"Fill 1","mn":"ADBE Vector Graphic - Fill","hd":false},{"ty":"tr","p":{"a":0,"k":[0,0],"ix":2},"a":{"a":0,"k":[0,0],"ix":1},"s":{"a":0,"k":[100,100],"ix":3},"r":{"a":0,"k":0,"ix":6},"o":{"a":0,"k":100,"ix":7},"sk":{"a":0,"k":0,"ix":4},"sa":{"a":0,"k":0,"ix":5},"nm":"Transform"}],"nm":"Group 1","np":2,"cix":2,"bm":0,"ix":1,"mn":"ADBE Vector Group","hd":false},{"ty":"gr","it":[{"ind":0,"ty":"sh","ix":1,"ks":{"a":0,"k":{"i":[[-0.276,0],[0,0.276],[0.276,0],[0,-0.276]],"o":[[0.276,0],[0,-0.276],[-0.276,0],[0,0.276]],"v":[[-77.9,10.5],[-77.4,10],[-77.9,9.5],[-78.4,10]],"c":true},"ix":2},"nm":"Path 1","mn":"ADBE Vector Shape - Group","hd":false},{"ty":"fl","c":{"a":0,"k":[1,1,1,1],"ix":4},"o":{"a":0,"k":100,"ix":5},"r":1,"bm":0,"nm":"Fill 1","mn":"ADBE Vector Graphic - Fill","hd":false},{"ty":"tr","p":{"a":0,"k":[0,0],"ix":2},"a":{"a":0,"k":[0,0],"ix":1},"s":{"a":0,"k":[100,100],"ix":3},"r":{"a":0,"k":0,"ix":6},"o":{"a":0,"k":100,"ix":7},"sk":{"a":0,"k":0,"ix":4},"sa":{"a":0,"k":0,"ix":5},"nm":"Transform"}],"nm":"Group 2","np":2,"cix":2,"bm":0,"ix":2,"mn":"ADBE Vector Group","hd":false},{"ty":"gr","it":[{"ind":0,"ty":"sh","ix":1,"ks":{"a":0,"k":{"i":[[-0.276,0],[0,0.276],[0.276,0],[0,-0.276]],"o":[[0.276,0],[0,-0.276],[-0.276,0],[0,0.276]],"v":[[27.5,23],[28,22.5],[27.5,22],[27,22.5]],"c":true},"ix":2},"nm":"Path 1","mn":"ADBE Vector Shape - Group","hd":false},{"ty":"fl","c":{"a":0,"k":[1,1,1,1],"ix":4},"o":{"a":0,"k":100,"ix":5},"r":1,"bm":0,"nm":"Fill 1","mn":"ADBE Vector Graphic - Fill","hd":false},{"ty":"tr","p":{"a":0,"k":[0,0],"ix":2},"a":{"a":0,"k":[0,0],"ix":1},"s":{"a":0,"k":[100,100],"ix":3},"r":{"a":0,"k":0,"ix":6},"o":{"a":0,"k":100,"ix":7},"sk":{"a":0,"k":0,"ix":4},"sa":{"a":0,"k":0,"ix":5},"nm":"Transform"}],"nm":"Group 3","np":2,"cix":2,"bm":0,"ix":3,"mn":"ADBE Vector Group","hd":false},{"ty":"gr","it":[{"ind":0,"ty":"sh","ix":1,"ks":{"a":0,"k":{"i":[[-0.497,0],[0,0.497],[0.497,0],[0,-0.497]],"o":[[0.497,0],[0,-0.497],[-0.497,0],[0,0.497]],"v":[[27.8,-58.2],[28.7,-59.1],[27.8,-60],[26.9,-59.1]],"c":true},"ix":2},"nm":"Path 1","mn":"ADBE Vector Shape - Group","hd":false},{"ty":"fl","c":{"a":0,"k":[1,1,1,1],"ix":4},"o":{"a":0,"k":100,"ix":5},"r":1,"bm":0,"nm":"Fill 1","mn":"ADBE Vector Graphic - Fill","hd":false},{"ty":"tr","p":{"a":0,"k":[0,0],"ix":2},"a":{"a":0,"k":[0,0],"ix":1},"s":{"a":0,"k":[100,100],"ix":3},"r":{"a":0,"k":0,"ix":6},"o":{"a":0,"k":100,"ix":7},"sk":{"a":0,"k":0,"ix":4},"sa":{"a":0,"k":0,"ix":5},"nm":"Transform"}],"nm":"Group 4","np":2,"cix":2,"bm":0,"ix":4,"mn":"ADBE Vector Group","hd":false},{"ty":"gr","it":[{"ind":0,"ty":"sh","ix":1,"ks":{"a":0,"k":{"i":[[-0.276,0],[0,0.276],[0.276,0],[0,-0.276]],"o":[[0.276,0],[0,-0.276],[-0.276,0],[0,0.276]],"v":[[58.8,-36.1],[59.3,-36.6],[58.8,-37.1],[58.3,-36.6]],"c":true},"ix":2},"nm":"Path 1","mn":"ADBE Vector Shape - Group","hd":false},{"ty":"fl","c":{"a":0,"k":[1,1,1,1],"ix":4},"o":{"a":0,"k":100,"ix":5},"r":1,"bm":0,"nm":"Fill 1","mn":"ADBE Vector Graphic - Fill","hd":false},{"ty":"tr","p":{"a":0,"k":[0,0],"ix":2},"a":{"a":0,"k":[0,0],"ix":1},"s":{"a":0,"k":[100,100],"ix":3},"r":{"a":0,"k":0,"ix":6},"o":{"a":0,"k":100,"ix":7},"sk":{"a":0,"k":0,"ix":4},"sa":{"a":0,"k":0,"ix":5},"nm":"Transform"}],"nm":"Group 5","np":2,"cix":2,"bm":0,"ix":5,"mn":"ADBE Vector Group","hd":false},{"ty":"gr","it":[{"ind":0,"ty":"sh","ix":1,"ks":{"a":0,"k":{"i":[[-0.497,0],[0,0.497],[0.497,0],[0,-0.497]],"o":[[0.497,0],[0,-0.497],[-0.497,0],[0,0.497]],"v":[[66.3,-4.5],[67.2,-5.4],[66.3,-6.3],[65.4,-5.4]],"c":true},"ix":2},"nm":"Path 1","mn":"ADBE Vector Shape - Group","hd":false},{"ty":"fl","c":{"a":0,"k":[1,1,1,1],"ix":4},"o":{"a":0,"k":100,"ix":5},"r":1,"bm":0,"nm":"Fill 1","mn":"ADBE Vector Graphic - Fill","hd":false},{"ty":"tr","p":{"a":0,"k":[0,0],"ix":2},"a":{"a":0,"k":[0,0],"ix":1},"s":{"a":0,"k":[100,100],"ix":3},"r":{"a":0,"k":0,"ix":6},"o":{"a":0,"k":100,"ix":7},"sk":{"a":0,"k":0,"ix":4},"sa":{"a":0,"k":0,"ix":5},"nm":"Transform"}],"nm":"Group 6","np":2,"cix":2,"bm":0,"ix":6,"mn":"ADBE Vector Group","hd":false}],"ip":0,"op":120,"st":0,"bm":0},{"ddd":0,"ind":2,"ty":4,"nm":"Layer 8","sr":1,"ks":{"o":{"a":0,"k":100,"ix":11},"r":{"a":1,"k":[{"i":{"x":[0.193],"y":[1]},"o":{"x":[0.333],"y":[0]},"t":31,"s":[90]},{"i":{"x":[0.833],"y":[1]},"o":{"x":[0.333],"y":[0]},"t":46,"s":[0]},{"i":{"x":[0.667],"y":[1]},"o":{"x":[0.548],"y":[0]},"t":68,"s":[0]},{"t":87,"s":[90]}],"ix":10},"p":{"a":1,"k":[{"i":{"x":0.667,"y":1},"o":{"x":0.333,"y":0},"t":31,"s":[147.591,125.514,0],"to":[-0.125,0.479,0],"ti":[0.125,-0.479,0]},{"i":{"x":0.667,"y":0.667},"o":{"x":0.333,"y":0.333},"t":46,"s":[146.841,128.389,0],"to":[0,0,0],"ti":[0,0,0]},{"i":{"x":0.667,"y":1},"o":{"x":0.333,"y":0},"t":68,"s":[146.841,128.389,0],"to":[0.125,-0.479,0],"ti":[-0.125,0.479,0]},{"t":87,"s":[147.591,125.514,0]}],"ix":2},"a":{"a":0,"k":[-3.159,-21.611,0],"ix":1},"s":{"a":0,"k":[100,100,100],"ix":6}},"ao":0,"shapes":[{"ty":"gr","it":[{"ind":0,"ty":"sh","ix":1,"ks":{"a":0,"k":{"i":[[0.848,0],[0,0.885],[0,0],[-0.885,0],[0,-0.885],[0,0]],"o":[[-0.885,0],[0,0],[0,-0.885],[0.885,0],[0,0],[-0.037,0.848]],"v":[[-1.573,-21.611],[-3.159,-23.197],[-3.159,-74.222],[-1.573,-75.807],[0.012,-74.222],[0.012,-23.16]],"c":true},"ix":2},"nm":"Path 1","mn":"ADBE Vector Shape - Group","hd":false},{"ty":"fl","c":{"a":0,"k":[0.427450980392,0.341176470588,0.243137254902,1],"ix":4},"o":{"a":0,"k":100,"ix":5},"r":1,"bm":0,"nm":"Fill 1","mn":"ADBE Vector Graphic - Fill","hd":false},{"ty":"tr","p":{"a":0,"k":[0,0],"ix":2},"a":{"a":0,"k":[0,0],"ix":1},"s":{"a":0,"k":[100,100],"ix":3},"r":{"a":0,"k":0,"ix":6},"o":{"a":0,"k":100,"ix":7},"sk":{"a":0,"k":0,"ix":4},"sa":{"a":0,"k":0,"ix":5},"nm":"Transform"}],"nm":"Group 1","np":2,"cix":2,"bm":0,"ix":1,"mn":"ADBE Vector Group","hd":false},{"ty":"gr","it":[{"ind":0,"ty":"sh","ix":1,"ks":{"a":0,"k":{"i":[[0,0],[0,0],[0,0]],"o":[[0,0],[0,0],[0,0]],"v":[[-1.794,-54.571],[-1.794,-75.66],[22.133,-63.641]],"c":true},"ix":2},"nm":"Path 1","mn":"ADBE Vector Shape - Group","hd":false},{"ty":"fl","c":{"a":0,"k":[0.858823529412,0.380392156863,0.345098039216,1],"ix":4},"o":{"a":0,"k":100,"ix":5},"r":1,"bm":0,"nm":"Fill 1","mn":"ADBE Vector Graphic - Fill","hd":false},{"ty":"tr","p":{"a":0,"k":[0,0],"ix":2},"a":{"a":0,"k":[0,0],"ix":1},"s":{"a":0,"k":[100,100],"ix":3},"r":{"a":0,"k":0,"ix":6},"o":{"a":0,"k":100,"ix":7},"sk":{"a":0,"k":0,"ix":4},"sa":{"a":0,"k":0,"ix":5},"nm":"Transform"}],"nm":"Group 2","np":2,"cix":2,"bm":0,"ix":2,"mn":"ADBE Vector Group","hd":false}],"ip":0,"op":127,"st":7,"bm":0},{"ddd":0,"ind":3,"ty":4,"nm":"alpha","td":1,"sr":1,"ks":{"o":{"a":0,"k":100,"ix":11},"r":{"a":0,"k":0,"ix":10},"p":{"a":0,"k":[150,150,0],"ix":2},"a":{"a":0,"k":[0,0,0],"ix":1},"s":{"a":0,"k":[100,100,100],"ix":6}},"ao":0,"shapes":[{"ty":"gr","it":[{"ind":0,"ty":"sh","ix":1,"ks":{"a":0,"k":{"i":[[0,0],[0,0],[5.625,-5.375],[0,0],[-12.375,-1],[-1.375,-4.75],[0,0],[0,0],[0,0],[0,0],[0,0],[0,0]],"o":[[0,0],[0,0],[1,1.875],[0,0],[9.757,0.788],[1.375,4.75],[0,0],[0,0],[0,0],[0,0],[0,0],[0,0]],"v":[[-88.875,-49.25],[-41.875,-53.75],[-56.375,-44.875],[-54.5,-42.5],[-34.75,-51.75],[-14.5,-36.75],[-14.5,12.375],[-11.875,40.625],[-81.125,40.25],[-98.625,7.625],[-97.125,-18.875],[-93.125,-38.5]],"c":true},"ix":2},"nm":"Path 1","mn":"ADBE Vector Shape - Group","hd":false},{"ty":"fl","c":{"a":0,"k":[1,0.003921568394,0.003921568394,1],"ix":4},"o":{"a":0,"k":100,"ix":5},"r":1,"bm":0,"nm":"Fill 1","mn":"ADBE Vector Graphic - Fill","hd":false},{"ty":"tr","p":{"a":0,"k":[0,0],"ix":2},"a":{"a":0,"k":[0,0],"ix":1},"s":{"a":0,"k":[100,100],"ix":3},"r":{"a":0,"k":0,"ix":6},"o":{"a":0,"k":100,"ix":7},"sk":{"a":0,"k":0,"ix":4},"sa":{"a":0,"k":0,"ix":5},"nm":"Transform"}],"nm":"Shape 1","np":3,"cix":2,"bm":0,"ix":1,"mn":"ADBE Vector Group","hd":false}],"ip":0,"op":120,"st":0,"bm":0},{"ddd":0,"ind":4,"ty":4,"nm":"Layer 7","tt":1,"sr":1,"ks":{"o":{"a":0,"k":100,"ix":11},"r":{"a":0,"k":0,"ix":10},"p":{"a":1,"k":[{"i":{"x":0.667,"y":1},"o":{"x":0.759,"y":0},"t":27,"s":[101.582,140.628,0],"to":[11.375,-1.375,0],"ti":[-11.375,1.375,0]},{"t":46,"s":[169.832,132.378,0]}],"ix":2},"a":{"a":0,"k":[-48.418,-9.372,0],"ix":1},"s":{"a":1,"k":[{"i":{"x":[0.667,0.667,0.667],"y":[1,1,1]},"o":{"x":[0.333,0.333,0.333],"y":[0,0,0]},"t":0,"s":[0,0,100]},{"i":{"x":[0.667,0.667,0.667],"y":[1,1,1]},"o":{"x":[0.333,0.333,0.333],"y":[0,0,0]},"t":7.5,"s":[110,110,100]},{"t":15,"s":[100,100,100]}],"ix":6}},"ao":0,"shapes":[{"ty":"gr","it":[{"ind":0,"ty":"sh","ix":1,"ks":{"a":0,"k":{"i":[[-0.295,-1.253],[1.29,-0.295],[0.295,1.29],[-1.29,0.295]],"o":[[0.295,1.29],[-1.29,0.295],[-0.295,-1.29],[1.29,-0.258]],"v":[[-44.93,-4.837],[-46.737,-1.961],[-49.612,-3.767],[-47.806,-6.643]],"c":true},"ix":2},"nm":"Path 1","mn":"ADBE Vector Shape - Group","hd":false},{"ty":"fl","c":{"a":0,"k":[0.207843137255,0.305882352941,0.494117647059,1],"ix":4},"o":{"a":0,"k":100,"ix":5},"r":1,"bm":0,"nm":"Fill 1","mn":"ADBE Vector Graphic - Fill","hd":false},{"ty":"tr","p":{"a":0,"k":[0,0],"ix":2},"a":{"a":0,"k":[0,0],"ix":1},"s":{"a":0,"k":[100,100],"ix":3},"r":{"a":0,"k":0,"ix":6},"o":{"a":0,"k":50,"ix":7},"sk":{"a":0,"k":0,"ix":4},"sa":{"a":0,"k":0,"ix":5},"nm":"Transform"}],"nm":"Group 1","np":2,"cix":2,"bm":0,"ix":1,"mn":"ADBE Vector Group","hd":false},{"ty":"gr","it":[{"ind":0,"ty":"sh","ix":1,"ks":{"a":0,"k":{"i":[[-0.295,-1.29],[1.29,-0.295],[0.295,1.29],[-1.29,0.295]],"o":[[0.295,1.29],[-1.29,0.295],[-0.295,-1.29],[1.29,-0.295]],"v":[[-45.077,-4.579],[-46.884,-1.703],[-49.76,-3.51],[-47.953,-6.385]],"c":true},"ix":2},"nm":"Path 1","mn":"ADBE Vector Shape - Group","hd":false},{"ty":"fl","c":{"a":0,"k":[0.654901981354,0.654901981354,0.654901981354,1],"ix":4},"o":{"a":0,"k":100,"ix":5},"r":1,"bm":0,"nm":"Fill 1","mn":"ADBE Vector Graphic - Fill","hd":false},{"ty":"tr","p":{"a":0,"k":[0,0],"ix":2},"a":{"a":0,"k":[0,0],"ix":1},"s":{"a":0,"k":[100,100],"ix":3},"r":{"a":0,"k":0,"ix":6},"o":{"a":0,"k":100,"ix":7},"sk":{"a":0,"k":0,"ix":4},"sa":{"a":0,"k":0,"ix":5},"nm":"Transform"}],"nm":"Group 2","np":2,"cix":2,"bm":0,"ix":2,"mn":"ADBE Vector Group","hd":false},{"ty":"gr","it":[{"ind":0,"ty":"sh","ix":1,"ks":{"a":0,"k":{"i":[[0,0],[0,0],[0,0],[0,0],[0,0],[0,0],[0,0],[0,0],[0,0],[0,0],[0.037,0],[0,0],[-0.037,0.221],[0,0],[0,0.074],[0,0.037],[-0.037,0.074],[0,0.074],[-0.037,0.074],[-0.037,0.037],[-0.074,0.111],[-0.074,0.074],[-0.074,0.074],[-0.074,0.074],[-0.074,0.074],[-0.037,0.037],[-0.074,0.037],[-0.074,0.037],[-0.037,0.037],[-0.074,0.037],[-0.037,0.037],[-0.037,0.037],[-0.111,0.037],[-0.111,0],[0,0],[-0.074,0],[-0.037,0.037],[-0.111,0],[-0.111,0],[-0.258,-0.037],[-0.111,-0.037],[-0.221,-0.148],[-0.111,-0.111]],"o":[[0,0],[0,0],[0,0],[0,0],[0,0],[0,0],[0,0],[0,0],[0,0],[-0.037,0],[0,0],[-0.184,-0.111],[0,0],[0,-0.074],[0,-0.037],[0.037,-0.074],[0.037,-0.111],[0.037,-0.111],[0.037,-0.074],[0.074,-0.111],[0.074,-0.074],[0.074,-0.074],[0.074,-0.074],[0.074,-0.074],[0.037,-0.037],[0.037,-0.037],[0.074,-0.037],[0,0],[0.074,-0.037],[0.074,-0.037],[0.037,-0.037],[0.111,-0.037],[0.111,-0.037],[0,0],[0.074,-0.037],[0.037,0],[0.111,-0.037],[0.111,0],[0.258,0],[0.148,0.037],[0.258,0.074],[0.111,0.074],[0.516,0.406]],"v":[[-23.584,-26.773],[-24.063,-26.294],[-45.409,-6.053],[-45.741,-5.758],[-47.142,-4.431],[-49.428,-5.132],[-49.502,-5.169],[-77.595,-14.017],[-77.706,-14.054],[-78,-14.164],[-78.111,-14.201],[-78.148,-14.201],[-78.406,-14.754],[-78.406,-14.791],[-78.369,-15.049],[-78.369,-15.123],[-78.295,-15.381],[-78.222,-15.639],[-78.111,-15.897],[-78,-16.081],[-77.816,-16.413],[-77.632,-16.671],[-77.447,-16.892],[-77.226,-17.114],[-77.005,-17.335],[-76.858,-17.446],[-76.71,-17.556],[-76.526,-17.667],[-76.489,-17.703],[-76.305,-17.814],[-76.12,-17.925],[-75.973,-17.998],[-75.678,-18.109],[-75.346,-18.183],[-27.897,-29.133],[-27.639,-29.169],[-27.492,-29.206],[-27.16,-29.243],[-26.865,-29.243],[-26.091,-29.169],[-25.685,-29.059],[-24.911,-28.69],[-24.542,-28.432]],"c":true},"ix":2},"nm":"Path 1","mn":"ADBE Vector Shape - Group","hd":false},{"ty":"fl","c":{"a":0,"k":[0.807843137255,0.807843137255,0.807843137255,1],"ix":4},"o":{"a":0,"k":100,"ix":5},"r":1,"bm":0,"nm":"Fill 1","mn":"ADBE Vector Graphic - Fill","hd":false},{"ty":"tr","p":{"a":0,"k":[0,0],"ix":2},"a":{"a":0,"k":[0,0],"ix":1},"s":{"a":0,"k":[100,100],"ix":3},"r":{"a":0,"k":0,"ix":6},"o":{"a":0,"k":100,"ix":7},"sk":{"a":0,"k":0,"ix":4},"sa":{"a":0,"k":0,"ix":5},"nm":"Transform"}],"nm":"Group 3","np":2,"cix":2,"bm":0,"ix":3,"mn":"ADBE Vector Group","hd":false},{"ty":"gr","it":[{"ind":0,"ty":"sh","ix":1,"ks":{"a":0,"k":{"i":[[0,-0.074],[0,0],[0,0],[0,0],[0,0],[0,0],[0,0],[0,0],[0,0],[0,0.074],[0,0.184],[0,0],[-0.037,0.221],[-0.037,0.074],[-0.037,0.074],[-0.074,0.148],[-0.184,0.221],[-0.553,0.111],[0,0],[-0.922,-0.885],[-0.111,-0.221],[-0.074,-0.111]],"o":[[0,0],[0,0],[0,0],[0,0],[0,0],[0,0],[0,0],[0,0],[-0.037,-0.074],[-0.037,-0.184],[0,-0.037],[0,-0.258],[0.037,-0.074],[0.037,-0.074],[0.074,-0.184],[0.111,-0.258],[0.406,-0.295],[0,0],[1.364,-0.332],[0.148,0.184],[0.074,0.148],[0,0.037]],"v":[[-23.51,-26.552],[-45.299,-5.906],[-45.631,-5.611],[-47.695,-3.657],[-49.576,-4.247],[-49.797,-4.321],[-77.374,-13.022],[-78.001,-13.206],[-78.038,-13.316],[-78.074,-13.575],[-78.111,-14.165],[-78.111,-14.238],[-78.038,-14.976],[-77.964,-15.234],[-77.89,-15.492],[-77.669,-15.971],[-77.19,-16.708],[-75.752,-17.335],[-28.303,-28.285],[-24.616,-27.289],[-24.247,-26.663],[-23.621,-26.884]],"c":true},"ix":2},"nm":"Path 1","mn":"ADBE Vector Shape - Group","hd":false},{"ty":"fl","c":{"a":0,"k":[0.545098039216,0.545098039216,0.545098039216,1],"ix":4},"o":{"a":0,"k":100,"ix":5},"r":1,"bm":0,"nm":"Fill 1","mn":"ADBE Vector Graphic - Fill","hd":false},{"ty":"tr","p":{"a":0,"k":[0,0],"ix":2},"a":{"a":0,"k":[0,0],"ix":1},"s":{"a":0,"k":[100,100],"ix":3},"r":{"a":0,"k":0,"ix":6},"o":{"a":0,"k":100,"ix":7},"sk":{"a":0,"k":0,"ix":4},"sa":{"a":0,"k":0,"ix":5},"nm":"Transform"}],"nm":"Group 4","np":2,"cix":2,"bm":0,"ix":4,"mn":"ADBE Vector Group","hd":false},{"ty":"gr","it":[{"ind":0,"ty":"sh","ix":1,"ks":{"a":0,"k":{"i":[[-0.037,-0.074],[0,0],[0.148,-0.553],[0,0],[0.037,-0.111],[0.074,-0.147],[0.037,-0.074],[0.074,-0.074],[0.037,-0.074],[0.074,-0.074],[0.295,-0.221],[0.111,-0.037],[0.147,-0.074],[0.074,-0.037],[0.074,-0.037],[0.111,0],[0,0],[0.516,2.175],[0,0],[0,0.074],[0,0.184],[0,0],[-0.037,0.221],[-0.037,0.074],[-0.037,0.074],[-0.074,0.148],[-0.184,0.221],[-0.922,0.221],[0,0],[-0.737,-0.332],[-0.442,-0.553],[-0.111,-0.221],[0,0],[-0.074,-0.184]],"o":[[0,0],[0.148,0.59],[0,0],[-0.037,0.074],[-0.037,0.184],[-0.037,0.074],[-0.037,0.074],[-0.037,0.074],[-0.037,0.074],[-0.221,0.258],[-0.074,0.074],[-0.111,0.074],[-0.074,0.037],[-0.074,0.037],[-0.111,0.037],[0,0],[-2.175,0.516],[0,0],[-0.037,-0.074],[-0.037,-0.184],[0,-0.037],[0,-0.258],[0.037,-0.074],[0.037,-0.074],[0.074,-0.184],[0.111,-0.258],[0.553,-0.664],[0,0],[0.848,-0.184],[0.627,0.258],[0.148,0.184],[0,0.037],[0.111,0.184],[0,0.074]],"v":[[-23.289,-25.962],[-18.533,-5.242],[-18.533,-3.51],[-18.533,-3.473],[-18.607,-3.215],[-18.791,-2.699],[-18.902,-2.44],[-19.049,-2.219],[-19.197,-1.998],[-19.344,-1.814],[-20.118,-1.076],[-20.413,-0.892],[-20.782,-0.708],[-21.04,-0.597],[-21.224,-0.523],[-21.519,-0.45],[-68.452,10.39],[-73.282,7.367],[-78.038,-13.353],[-78.074,-13.611],[-78.111,-14.201],[-78.111,-14.275],[-78.038,-15.012],[-77.964,-15.27],[-77.89,-15.529],[-77.669,-16.008],[-77.19,-16.745],[-74.978,-18.109],[-28.045,-28.911],[-25.575,-28.69],[-23.952,-27.437],[-23.584,-26.81],[-23.547,-26.736],[-23.326,-26.183]],"c":true},"ix":2},"nm":"Path 1","mn":"ADBE Vector Shape - Group","hd":false},{"ty":"fl","c":{"a":0,"k":[0.658823529412,0.658823529412,0.658823529412,1],"ix":4},"o":{"a":0,"k":100,"ix":5},"r":1,"bm":0,"nm":"Fill 1","mn":"ADBE Vector Graphic - Fill","hd":false},{"ty":"tr","p":{"a":0,"k":[0,0],"ix":2},"a":{"a":0,"k":[0,0],"ix":1},"s":{"a":0,"k":[100,100],"ix":3},"r":{"a":0,"k":0,"ix":6},"o":{"a":0,"k":100,"ix":7},"sk":{"a":0,"k":0,"ix":4},"sa":{"a":0,"k":0,"ix":5},"nm":"Transform"}],"nm":"Group 5","np":2,"cix":2,"bm":0,"ix":5,"mn":"ADBE Vector Group","hd":false}],"ip":0,"op":120,"st":0,"bm":0},{"ddd":0,"ind":5,"ty":4,"nm":"Layer 4","sr":1,"ks":{"o":{"a":0,"k":100,"ix":11},"r":{"a":0,"k":0,"ix":10},"p":{"a":0,"k":[141.58,163.597,0],"ix":2},"a":{"a":0,"k":[-8.42,13.597,0],"ix":1},"s":{"a":0,"k":[100,100,100],"ix":6}},"ao":0,"shapes":[{"ty":"gr","it":[{"ind":0,"ty":"sh","ix":1,"ks":{"a":0,"k":{"i":[[11.908,0],[2.286,4.24],[-2.765,3.982],[0,0],[0,0],[0,0]],"o":[[-4.903,0],[-2.286,-4.24],[0,0],[0,0],[0,0],[-6.71,9.659]],"v":[[-56.985,48.88],[-68.451,42.096],[-67.677,29.008],[-60.451,15.256],[-14.587,15.514],[-27.196,33.469]],"c":true},"ix":2},"nm":"Path 1","mn":"ADBE Vector Shape - Group","hd":false},{"ty":"fl","c":{"a":0,"k":[0.360784313725,0.607843137255,0.776470588235,1],"ix":4},"o":{"a":0,"k":100,"ix":5},"r":1,"bm":0,"nm":"Fill 1","mn":"ADBE Vector Graphic - Fill","hd":false},{"ty":"tr","p":{"a":0,"k":[0,0],"ix":2},"a":{"a":0,"k":[0,0],"ix":1},"s":{"a":0,"k":[100,100],"ix":3},"r":{"a":0,"k":0,"ix":6},"o":{"a":0,"k":100,"ix":7},"sk":{"a":0,"k":0,"ix":4},"sa":{"a":0,"k":0,"ix":5},"nm":"Transform"}],"nm":"Group 1","np":2,"cix":2,"bm":0,"ix":1,"mn":"ADBE Vector Group","hd":false},{"ty":"gr","it":[{"ty":"gr","it":[{"ind":0,"ty":"sh","ix":1,"ks":{"a":0,"k":{"i":[[-1.324,0],[0,1.324],[1.324,0],[0,-1.324]],"o":[[1.324,0],[0,-1.324],[-1.324,0],[0,1.324]],"v":[[-1.536,-20.653],[0.86,-23.049],[-1.536,-25.446],[-3.933,-23.049]],"c":true},"ix":2},"nm":"Path 1","mn":"ADBE Vector Shape - Group","hd":false},{"ty":"fl","c":{"a":0,"k":[0.874509803922,0.686274509804,0.317647058824,1],"ix":4},"o":{"a":0,"k":100,"ix":5},"r":1,"bm":0,"nm":"Fill 1","mn":"ADBE Vector Graphic - Fill","hd":false},{"ty":"tr","p":{"a":0,"k":[0,0],"ix":2},"a":{"a":0,"k":[0,0],"ix":1},"s":{"a":0,"k":[100,100],"ix":3},"r":{"a":0,"k":0,"ix":6},"o":{"a":0,"k":100,"ix":7},"sk":{"a":0,"k":0,"ix":4},"sa":{"a":0,"k":0,"ix":5},"nm":"Transform"}],"nm":"Group 1","np":2,"cix":2,"bm":0,"ix":1,"mn":"ADBE Vector Group","hd":false},{"ty":"gr","it":[{"ind":0,"ty":"sh","ix":1,"ks":{"a":0,"k":{"i":[[-0.548,3.397],[3.397,0.548],[0.548,-3.397],[-3.397,-0.548]],"o":[[0.548,-3.397],[-3.397,-0.548],[-0.548,3.397],[3.397,0.548]],"v":[[4.594,-22.056],[-0.564,-29.199],[-7.708,-24.041],[-2.549,-16.898]],"c":true},"ix":2},"nm":"Path 1","mn":"ADBE Vector Shape - Group","hd":false},{"ty":"fl","c":{"a":0,"k":[0.207843137255,0.305882352941,0.494117647059,1],"ix":4},"o":{"a":0,"k":100,"ix":5},"r":1,"bm":0,"nm":"Fill 1","mn":"ADBE Vector Graphic - Fill","hd":false},{"ty":"tr","p":{"a":0,"k":[0,0],"ix":2},"a":{"a":0,"k":[0,0],"ix":1},"s":{"a":0,"k":[100,100],"ix":3},"r":{"a":0,"k":0,"ix":6},"o":{"a":0,"k":50,"ix":7},"sk":{"a":0,"k":0,"ix":4},"sa":{"a":0,"k":0,"ix":5},"nm":"Transform"}],"nm":"Group 2","np":2,"cix":2,"bm":0,"ix":2,"mn":"ADBE Vector Group","hd":false},{"ty":"gr","it":[{"ind":0,"ty":"sh","ix":1,"ks":{"a":0,"k":{"i":[[0.111,0.922],[12.425,0],[0,0],[-1.364,-12.498],[0,-0.995],[0,0],[0,0],[0,0],[0,0],[2.102,0],[0,0],[-1.142,1.659],[0,0],[0,0],[0,0],[0,0]],"o":[[-1.364,-12.498],[0,0],[12.424,0],[0.11,0.922],[0,0],[0,0],[0,0],[0,0],[-1.18,1.659],[0,0],[2.138,0],[0,0],[0,0],[0,0],[0,0],[0,-0.995]],"v":[[52.991,-32.193],[28.99,-54.424],[22.502,-54.424],[46.503,-32.193],[46.65,-29.317],[46.65,-13.869],[-12.412,-13.869],[-12.412,12.971],[45.397,12.971],[40.235,15.699],[46.724,15.699],[51.885,12.971],[53.139,12.971],[53.139,9.026],[53.139,-11.104],[53.139,-29.317]],"c":true},"ix":2},"nm":"Path 1","mn":"ADBE Vector Shape - Group","hd":false},{"ty":"fl","c":{"a":0,"k":[0.329411764706,0.627450980392,0.8,1],"ix":4},"o":{"a":0,"k":100,"ix":5},"r":1,"bm":0,"nm":"Fill 1","mn":"ADBE Vector Graphic - Fill","hd":false},{"ty":"tr","p":{"a":0,"k":[0,0],"ix":2},"a":{"a":0,"k":[0,0],"ix":1},"s":{"a":0,"k":[100,100],"ix":3},"r":{"a":0,"k":0,"ix":6},"o":{"a":0,"k":30,"ix":7},"sk":{"a":0,"k":0,"ix":4},"sa":{"a":0,"k":0,"ix":5},"nm":"Transform"}],"nm":"Group 3","np":2,"cix":2,"bm":0,"ix":3,"mn":"ADBE Vector Group","hd":false},{"ty":"gr","it":[{"ind":0,"ty":"sh","ix":1,"ks":{"a":0,"k":{"i":[[3.539,0],[0,0],[0,0],[0,0],[0,3.687],[0,0]],"o":[[0,0],[0,0],[0,0],[3.539,0],[0,0],[0,3.687]],"v":[[46.724,13.081],[-60.561,13.081],[-60.561,15.698],[46.724,15.698],[53.139,9.025],[53.139,6.408]],"c":true},"ix":2},"nm":"Path 1","mn":"ADBE Vector Shape - Group","hd":false},{"ty":"fl","c":{"a":0,"k":[0.360784313725,0.607843137255,0.776470588235,1],"ix":4},"o":{"a":0,"k":100,"ix":5},"r":1,"bm":0,"nm":"Fill 1","mn":"ADBE Vector Graphic - Fill","hd":false},{"ty":"tr","p":{"a":0,"k":[0,0],"ix":2},"a":{"a":0,"k":[0,0],"ix":1},"s":{"a":0,"k":[100,100],"ix":3},"r":{"a":0,"k":0,"ix":6},"o":{"a":0,"k":100,"ix":7},"sk":{"a":0,"k":0,"ix":4},"sa":{"a":0,"k":0,"ix":5},"nm":"Transform"}],"nm":"Group 4","np":2,"cix":2,"bm":0,"ix":4,"mn":"ADBE Vector Group","hd":false},{"ty":"gr","it":[{"ind":0,"ty":"sh","ix":1,"ks":{"a":0,"k":{"i":[[0,-12.609],[0,0],[0,0],[-0.074,1.364],[0,0],[0,0],[-4.313,0]],"o":[[0,0],[0,0],[0.037,-1.401],[4.756,-65.219],[0,0],[3.466,-2.102],[12.609,-0.037]],"v":[[-13.555,-28.985],[-13.555,13.081],[-23.805,13.081],[-23.62,8.952],[-48.322,-48.341],[-48.211,-48.525],[-36.413,-51.807]],"c":true},"ix":2},"nm":"Path 1","mn":"ADBE Vector Shape - Group","hd":false},{"ty":"fl","c":{"a":0,"k":[0.235294117647,0.38431372549,0.6,1],"ix":4},"o":{"a":0,"k":100,"ix":5},"r":1,"bm":0,"nm":"Fill 1","mn":"ADBE Vector Graphic - Fill","hd":false},{"ty":"tr","p":{"a":0,"k":[0,0],"ix":2},"a":{"a":0,"k":[0,0],"ix":1},"s":{"a":0,"k":[100,100],"ix":3},"r":{"a":0,"k":0,"ix":6},"o":{"a":0,"k":30,"ix":7},"sk":{"a":0,"k":0,"ix":4},"sa":{"a":0,"k":0,"ix":5},"nm":"Transform"}],"nm":"Group 5","np":2,"cix":2,"bm":0,"ix":5,"mn":"ADBE Vector Group","hd":false},{"ty":"gr","it":[{"ind":0,"ty":"sh","ix":1,"ks":{"a":0,"k":{"i":[[0,-12.609],[0,0],[0,0],[0,0],[-6.636,4.019],[-4.314,0]],"o":[[0,0],[0,0],[0,0],[0,-8.295],[3.465,-2.102],[12.609,0]],"v":[[-13.555,-28.985],[-13.555,13.081],[-59.271,13.081],[-59.271,-28.985],[-48.211,-48.562],[-36.413,-51.843]],"c":true},"ix":2},"nm":"Path 1","mn":"ADBE Vector Shape - Group","hd":false},{"ty":"fl","c":{"a":0,"k":[0.352941176471,0.513725490196,0.745098039216,1],"ix":4},"o":{"a":0,"k":100,"ix":5},"r":1,"bm":0,"nm":"Fill 1","mn":"ADBE Vector Graphic - Fill","hd":false},{"ty":"tr","p":{"a":0,"k":[0,0],"ix":2},"a":{"a":0,"k":[0,0],"ix":1},"s":{"a":0,"k":[100,100],"ix":3},"r":{"a":0,"k":0,"ix":6},"o":{"a":0,"k":100,"ix":7},"sk":{"a":0,"k":0,"ix":4},"sa":{"a":0,"k":0,"ix":5},"nm":"Transform"}],"nm":"Group 6","np":2,"cix":2,"bm":0,"ix":6,"mn":"ADBE Vector Group","hd":false},{"ty":"gr","it":[{"ind":0,"ty":"sh","ix":1,"ks":{"a":0,"k":{"i":[[0,0],[0,0],[0,0],[-12.424,0],[0,0],[0,-12.424]],"o":[[0,0],[0,0],[0,-12.461],[0,0],[12.461,0],[0,0]],"v":[[-12.265,14.371],[-60.561,14.371],[-60.561,-30.607],[-38.035,-53.134],[-34.791,-53.134],[-12.265,-30.607]],"c":true},"ix":2},"nm":"Path 1","mn":"ADBE Vector Shape - Group","hd":false},{"ty":"fl","c":{"a":0,"k":[0.419607843137,0.705882352941,0.866666666667,1],"ix":4},"o":{"a":0,"k":100,"ix":5},"r":1,"bm":0,"nm":"Fill 1","mn":"ADBE Vector Graphic - Fill","hd":false},{"ty":"tr","p":{"a":0,"k":[0,0],"ix":2},"a":{"a":0,"k":[0,0],"ix":1},"s":{"a":0,"k":[100,100],"ix":3},"r":{"a":0,"k":0,"ix":6},"o":{"a":0,"k":100,"ix":7},"sk":{"a":0,"k":0,"ix":4},"sa":{"a":0,"k":0,"ix":5},"nm":"Transform"}],"nm":"Group 7","np":2,"cix":2,"bm":0,"ix":7,"mn":"ADBE Vector Group","hd":false},{"ty":"gr","it":[{"ind":0,"ty":"sh","ix":1,"ks":{"a":0,"k":{"i":[[0,-0.959],[0,0],[3.539,0],[0,0],[0,0],[-13.346,0],[0,0],[-1.696,-0.369],[-1.142,-10.692]],"o":[[0,0],[0,3.687],[0,0],[0,0],[0,-13.862],[0,0],[1.807,0],[9.954,2.286],[0.111,0.922]],"v":[[53.139,-29.354],[53.139,8.989],[46.724,15.662],[-60.561,15.662],[-60.561,-29.354],[-36.413,-54.424],[28.99,-54.424],[34.263,-53.834],[52.991,-32.193]],"c":true},"ix":2},"nm":"Path 1","mn":"ADBE Vector Shape - Group","hd":false},{"ty":"fl","c":{"a":0,"k":[0.482352941176,0.745098039216,0.890196078431,1],"ix":4},"o":{"a":0,"k":100,"ix":5},"r":1,"bm":0,"nm":"Fill 1","mn":"ADBE Vector Graphic - Fill","hd":false},{"ty":"tr","p":{"a":0,"k":[0,0],"ix":2},"a":{"a":0,"k":[0,0],"ix":1},"s":{"a":0,"k":[100,100],"ix":3},"r":{"a":0,"k":0,"ix":6},"o":{"a":0,"k":100,"ix":7},"sk":{"a":0,"k":0,"ix":4},"sa":{"a":0,"k":0,"ix":5},"nm":"Transform"}],"nm":"Group 8","np":2,"cix":2,"bm":0,"ix":8,"mn":"ADBE Vector Group","hd":false},{"ty":"gr","it":[{"ind":0,"ty":"sh","ix":1,"ks":{"a":0,"k":{"i":[[0,0],[0,0],[3.134,-0.369],[0,0]],"o":[[0,0],[-3.097,0.516],[0,0],[0,0]],"v":[[15.312,6.15],[15.312,79.591],[5.948,80.918],[5.948,6.15]],"c":true},"ix":2},"nm":"Path 1","mn":"ADBE Vector Shape - Group","hd":false},{"ty":"fl","c":{"a":0,"k":[0.850980392157,0.647058823529,0.521568627451,1],"ix":4},"o":{"a":0,"k":100,"ix":5},"r":1,"bm":0,"nm":"Fill 1","mn":"ADBE Vector Graphic - Fill","hd":false},{"ty":"tr","p":{"a":0,"k":[0,0],"ix":2},"a":{"a":0,"k":[0,0],"ix":1},"s":{"a":0,"k":[100,100],"ix":3},"r":{"a":0,"k":0,"ix":6},"o":{"a":0,"k":30,"ix":7},"sk":{"a":0,"k":0,"ix":4},"sa":{"a":0,"k":0,"ix":5},"nm":"Transform"}],"nm":"Group 9","np":2,"cix":2,"bm":0,"ix":9,"mn":"ADBE Vector Group","hd":false},{"ty":"gr","it":[{"ind":0,"ty":"sh","ix":1,"ks":{"a":0,"k":{"i":[[0,0],[0,0],[3.134,-0.369],[0.406,-0.037],[2.028,-0.147],[0,0],[0,0],[0,0],[0,0]],"o":[[0,0],[-3.096,0.516],[-0.406,0.037],[-1.991,0.222],[0,0],[0,0],[0,0],[0,0],[0,0]],"v":[[15.312,33.248],[15.312,79.591],[5.948,80.918],[4.695,81.065],[-1.315,81.618],[-1.315,6.15],[5.948,6.15],[15.128,7.551],[15.276,28.086]],"c":true},"ix":2},"nm":"Path 1","mn":"ADBE Vector Shape - Group","hd":false},{"ty":"fl","c":{"a":0,"k":[0.309803921569,0.247058823529,0.176470588235,1],"ix":4},"o":{"a":0,"k":100,"ix":5},"r":1,"bm":0,"nm":"Fill 1","mn":"ADBE Vector Graphic - Fill","hd":false},{"ty":"tr","p":{"a":0,"k":[0,0],"ix":2},"a":{"a":0,"k":[0,0],"ix":1},"s":{"a":0,"k":[100,100],"ix":3},"r":{"a":0,"k":0,"ix":6},"o":{"a":0,"k":100,"ix":7},"sk":{"a":0,"k":0,"ix":4},"sa":{"a":0,"k":0,"ix":5},"nm":"Transform"}],"nm":"Group 10","np":2,"cix":2,"bm":0,"ix":10,"mn":"ADBE Vector Group","hd":false},{"ty":"tr","p":{"a":0,"k":[0,0],"ix":2},"a":{"a":0,"k":[0,0],"ix":1},"s":{"a":0,"k":[100,100],"ix":3},"r":{"a":0,"k":0,"ix":6},"o":{"a":0,"k":100,"ix":7},"sk":{"a":0,"k":0,"ix":4},"sa":{"a":0,"k":0,"ix":5},"nm":"Transform"}],"nm":"Group 2","np":10,"cix":2,"bm":0,"ix":2,"mn":"ADBE Vector Group","hd":false}],"ip":0,"op":120,"st":0,"bm":0},{"ddd":0,"ind":6,"ty":4,"nm":"Layer 3","sr":1,"ks":{"o":{"a":0,"k":100,"ix":11},"r":{"a":0,"k":0,"ix":10},"p":{"a":0,"k":[134.723,191.108,0],"ix":2},"a":{"a":0,"k":[-15.277,41.108,0],"ix":1},"s":{"a":0,"k":[100,100,100],"ix":6}},"ao":0,"shapes":[{"ty":"gr","it":[{"ind":0,"ty":"sh","ix":1,"ks":{"a":0,"k":{"i":[[-8.959,-10.212],[1.659,-0.663],[0.884,-0.295],[9.438,-1.843],[1.438,-0.221],[3.134,-0.369],[0.406,-0.037],[2.028,-0.147],[1.843,-0.074],[4.793,0.332],[2.249,0.258],[11.245,11.688],[-1.659,13.899],[-3.797,2.581],[-8.885,2.175],[-14.452,-10.065],[-2.212,-1.77],[-0.111,-0.074],[-3.06,-2.654],[0,0],[-3.761,-3.613]],"o":[[-1.659,0.774],[-0.885,0.332],[-8.959,3.06],[-1.438,0.295],[-3.097,0.517],[-0.406,0.037],[-1.991,0.221],[-1.843,0.148],[-4.83,0.184],[-2.286,-0.148],[-15.558,-1.806],[-12.535,-13.051],[3.797,-2.618],[7.595,-5.161],[16.775,-4.055],[2.396,1.659],[0.111,0.074],[3.171,2.507],[0,0],[3.945,3.429],[9.807,9.401]],"v":[[54.945,68.272],[49.968,70.41],[47.314,71.369],[19.626,78.816],[15.312,79.59],[5.948,80.918],[4.694,81.065],[-1.315,81.618],[-6.882,81.913],[-21.334,81.692],[-28.155,81.065],[-70.074,62.852],[-85.153,21.671],[-73.76,13.892],[-49.465,1.32],[-1.315,14.887],[5.616,20.049],[5.948,20.307],[15.275,28.049],[15.312,28.086],[26.889,38.667]],"c":true},"ix":2},"nm":"Path 1","mn":"ADBE Vector Shape - Group","hd":false},{"ty":"gf","o":{"a":0,"k":100,"ix":10},"r":1,"bm":0,"g":{"p":3,"k":{"a":0,"k":[0,0.102,0.192,0.271,0.5,0.102,0.192,0.271,1,0.102,0.192,0.271],"ix":9}},"s":{"a":0,"k":[-86,121.715],"ix":5},"e":{"a":0,"k":[54.443,121.715],"ix":6},"t":1,"nm":"Gradient Fill 1","mn":"ADBE Vector Graphic - G-Fill","hd":false},{"ty":"tr","p":{"a":0,"k":[0,0],"ix":2},"a":{"a":0,"k":[0,0],"ix":1},"s":{"a":0,"k":[100,100],"ix":3},"r":{"a":0,"k":0,"ix":6},"o":{"a":0,"k":100,"ix":7},"sk":{"a":0,"k":0,"ix":4},"sa":{"a":0,"k":0,"ix":5},"nm":"Transform"}],"nm":"Group 1","np":2,"cix":2,"bm":0,"ix":1,"mn":"ADBE Vector Group","hd":false}],"ip":0,"op":120,"st":0,"bm":0},{"ddd":0,"ind":7,"ty":4,"nm":"Layer 2","sr":1,"ks":{"o":{"a":0,"k":100,"ix":11},"r":{"a":0,"k":0,"ix":10},"p":{"a":0,"k":[200.795,177.383,0],"ix":2},"a":{"a":0,"k":[50.795,27.383,0],"ix":1},"s":{"a":0,"k":[100,100,100],"ix":6}},"ao":0,"shapes":[{"ty":"gr","it":[{"ind":0,"ty":"sh","ix":1,"ks":{"a":0,"k":{"i":[[5.014,40.075],[0.7,-9.697],[5.162,0.774],[0.369,16.259]],"o":[[5.53,17.881],[-0.848,11.392],[-4.203,-0.627],[9.439,25.587]],"v":[[55.314,-6.348],[60.807,40.032],[49.82,58.65],[40.566,36.492]],"c":true},"ix":2},"nm":"Path 1","mn":"ADBE Vector Shape - Group","hd":false},{"ty":"fl","c":{"a":0,"k":[0.243137254902,0.411764705882,0.549019607843,1],"ix":4},"o":{"a":0,"k":100,"ix":5},"r":1,"bm":0,"nm":"Fill 1","mn":"ADBE Vector Graphic - Fill","hd":false},{"ty":"tr","p":{"a":0,"k":[0,0],"ix":2},"a":{"a":0,"k":[0,0],"ix":1},"s":{"a":0,"k":[100,100],"ix":3},"r":{"a":0,"k":0,"ix":6},"o":{"a":0,"k":100,"ix":7},"sk":{"a":0,"k":0,"ix":4},"sa":{"a":0,"k":0,"ix":5},"nm":"Transform"}],"nm":"Group 1","np":2,"cix":2,"bm":0,"ix":1,"mn":"ADBE Vector Group","hd":false},{"ty":"gr","it":[{"ind":0,"ty":"sh","ix":1,"ks":{"a":0,"k":{"i":[[-2.286,-6.083],[0.811,-10.765],[5.162,0.774],[-0.443,19.761],[-2.544,6.821]],"o":[[7.299,19.429],[-0.848,11.393],[-4.534,-0.664],[0.442,-19.761],[2.433,-6.563]],"v":[[53.397,-11.989],[60.807,40.068],[49.82,58.687],[40.567,32.105],[47.387,-11.952]],"c":true},"ix":2},"nm":"Path 1","mn":"ADBE Vector Shape - Group","hd":false},{"ty":"fl","c":{"a":0,"k":[0.313725490196,0.513725490196,0.709803921569,1],"ix":4},"o":{"a":0,"k":100,"ix":5},"r":1,"bm":0,"nm":"Fill 1","mn":"ADBE Vector Graphic - Fill","hd":false},{"ty":"tr","p":{"a":0,"k":[0,0],"ix":2},"a":{"a":0,"k":[0,0],"ix":1},"s":{"a":0,"k":[100,100],"ix":3},"r":{"a":0,"k":0,"ix":6},"o":{"a":0,"k":100,"ix":7},"sk":{"a":0,"k":0,"ix":4},"sa":{"a":0,"k":0,"ix":5},"nm":"Transform"}],"nm":"Group 2","np":2,"cix":2,"bm":0,"ix":2,"mn":"ADBE Vector Group","hd":false},{"ty":"gr","it":[{"ind":0,"ty":"sh","ix":1,"ks":{"a":0,"k":{"i":[[0,0],[1.364,-0.553],[0.884,-0.295],[0.147,-0.037],[0,0],[0,0],[0,0],[0,0],[0,0]],"o":[[-1.364,0.627],[-0.885,0.331],[-0.111,0.037],[0,0],[0,0],[0,0],[0,0],[0,0],[0,0]],"v":[[54.06,68.678],[49.968,70.411],[47.314,71.369],[46.945,71.48],[48.051,58.097],[49.046,45.967],[49.857,36.345],[50.89,44.419],[52.659,58.134]],"c":true},"ix":2},"nm":"Path 1","mn":"ADBE Vector Shape - Group","hd":false},{"ty":"fl","c":{"a":0,"k":[0.427450980392,0.341176470588,0.243137254902,1],"ix":4},"o":{"a":0,"k":100,"ix":5},"r":1,"bm":0,"nm":"Fill 1","mn":"ADBE Vector Graphic - Fill","hd":false},{"ty":"tr","p":{"a":0,"k":[0,0],"ix":2},"a":{"a":0,"k":[0,0],"ix":1},"s":{"a":0,"k":[100,100],"ix":3},"r":{"a":0,"k":0,"ix":6},"o":{"a":0,"k":100,"ix":7},"sk":{"a":0,"k":0,"ix":4},"sa":{"a":0,"k":0,"ix":5},"nm":"Transform"}],"nm":"Group 3","np":2,"cix":2,"bm":0,"ix":3,"mn":"ADBE Vector Group","hd":false}],"ip":0,"op":120,"st":0,"bm":0},{"ddd":0,"ind":8,"ty":4,"nm":"Layer 5","sr":1,"ks":{"o":{"a":0,"k":100,"ix":11},"r":{"a":0,"k":0,"ix":10},"p":{"a":1,"k":[{"i":{"x":0.667,"y":1},"o":{"x":0.333,"y":0},"t":-1,"s":[78.936,102.059,0],"to":[10.917,-5.167,0],"ti":[0,0,0]},{"i":{"x":0.833,"y":1},"o":{"x":0.167,"y":0},"t":44,"s":[144.436,71.059,0],"to":[0,0,0],"ti":[10.917,-5.167,0]},{"t":94,"s":[78.936,102.059,0]}],"ix":2},"a":{"a":0,"k":[-24.064,-70.941,0],"ix":1},"s":{"a":0,"k":[100,100,100],"ix":6}},"ao":0,"shapes":[{"ty":"gr","it":[{"ind":0,"ty":"sh","ix":1,"ks":{"a":0,"k":{"i":[[0.627,-0.221],[-0.332,-0.148],[-0.295,0.479],[-0.037,0.111],[-0.885,1.77]],"o":[[0.184,1.548],[0.59,0.184],[0.037,-0.111],[1.217,-1.18],[-1.991,0.922]],"v":[[-35.086,-67.807],[-25.721,-59.438],[-24.468,-60.028],[-24.32,-60.36],[-1.204,-82.444]],"c":true},"ix":2},"nm":"Path 1","mn":"ADBE Vector Shape - Group","hd":false},{"ty":"fl","c":{"a":0,"k":[0.807843137255,0.807843137255,0.807843137255,1],"ix":4},"o":{"a":0,"k":100,"ix":5},"r":1,"bm":0,"nm":"Fill 1","mn":"ADBE Vector Graphic - Fill","hd":false},{"ty":"tr","p":{"a":0,"k":[0,0],"ix":2},"a":{"a":0,"k":[0,0],"ix":1},"s":{"a":0,"k":[100,100],"ix":3},"r":{"a":0,"k":0,"ix":6},"o":{"a":0,"k":100,"ix":7},"sk":{"a":0,"k":0,"ix":4},"sa":{"a":0,"k":0,"ix":5},"nm":"Transform"}],"nm":"Group 1","np":2,"cix":2,"bm":0,"ix":1,"mn":"ADBE Vector Group","hd":false},{"ty":"gr","it":[{"ind":0,"ty":"sh","ix":1,"ks":{"a":0,"k":{"i":[[-0.442,0.885],[-1.032,-0.885],[0,0],[0,0]],"o":[[1.032,0.922],[0.074,0.295],[0,0],[0,-0.037]],"v":[[-35.086,-67.807],[-32.026,-65.079],[-31.989,-64.268],[-38.146,-61.392]],"c":true},"ix":2},"nm":"Path 1","mn":"ADBE Vector Shape - Group","hd":false},{"ty":"fl","c":{"a":0,"k":[0.545098039216,0.545098039216,0.545098039216,1],"ix":4},"o":{"a":0,"k":100,"ix":5},"r":1,"bm":0,"nm":"Fill 1","mn":"ADBE Vector Graphic - Fill","hd":false},{"ty":"tr","p":{"a":0,"k":[0,0],"ix":2},"a":{"a":0,"k":[0,0],"ix":1},"s":{"a":0,"k":[100,100],"ix":3},"r":{"a":0,"k":0,"ix":6},"o":{"a":0,"k":100,"ix":7},"sk":{"a":0,"k":0,"ix":4},"sa":{"a":0,"k":0,"ix":5},"nm":"Transform"}],"nm":"Group 2","np":2,"cix":2,"bm":0,"ix":2,"mn":"ADBE Vector Group","hd":false},{"ty":"gr","it":[{"ind":0,"ty":"sh","ix":1,"ks":{"a":0,"k":{"i":[[0.074,0.406],[-0.479,0.148],[-0.148,0.848],[-0.664,-0.147],[1.659,-0.627],[0.369,-0.258],[2.691,-0.848],[1.696,-0.959],[3.834,-1.659],[0.369,-0.332],[0.553,-0.147],[0.479,-0.995],[0.664,-0.848],[0.258,0],[0.332,2.949]],"o":[[0.516,-0.074],[11.097,-3.207],[0.627,-0.037],[-1.253,1.327],[-0.442,0.184],[-2.728,0.737],[-1.807,0.664],[-3.945,1.438],[-0.443,0.184],[-0.479,0.369],[-0.737,0.848],[-0.479,0.959],[-0.037,0.295],[-0.332,-2.949],[0,-0.442]],"v":[[-39.326,-71.494],[-37.814,-71.752],[-3.158,-82.37],[-1.204,-82.444],[-5.739,-79.752],[-6.956,-79.089],[-14.735,-75.918],[-20.007,-73.485],[-31.583,-68.581],[-32.874,-68.102],[-34.459,-67.402],[-36.081,-64.489],[-37.667,-61.724],[-38.183,-61.392],[-39.141,-70.24]],"c":true},"ix":2},"nm":"Path 1","mn":"ADBE Vector Shape - Group","hd":false},{"ty":"fl","c":{"a":0,"k":[0.658823529412,0.658823529412,0.658823529412,1],"ix":4},"o":{"a":0,"k":100,"ix":5},"r":1,"bm":0,"nm":"Fill 1","mn":"ADBE Vector Graphic - Fill","hd":false},{"ty":"tr","p":{"a":0,"k":[0,0],"ix":2},"a":{"a":0,"k":[0,0],"ix":1},"s":{"a":0,"k":[100,100],"ix":3},"r":{"a":0,"k":0,"ix":6},"o":{"a":0,"k":100,"ix":7},"sk":{"a":0,"k":0,"ix":4},"sa":{"a":0,"k":0,"ix":5},"nm":"Transform"}],"nm":"Group 3","np":2,"cix":2,"bm":0,"ix":3,"mn":"ADBE Vector Group","hd":false},{"ty":"gr","it":[{"ind":0,"ty":"sh","ix":1,"ks":{"a":0,"k":{"i":[[-1.585,0.369],[0.553,-0.147],[2.507,-0.7],[8.406,-2.433],[0.811,0.774],[2.396,2.028],[-0.037,0.258],[-0.295,0],[-4.055,0.332],[-3.724,0.406]],"o":[[0.332,0.995],[-2.47,0.737],[-8.406,2.47],[-0.848,0.258],[-2.36,-2.028],[-0.221,-0.184],[0.111,-0.406],[4.092,-0.369],[3.761,-0.332],[3.576,-0.406]],"v":[[-3.159,-82.37],[-4.191,-81.153],[-11.564,-78.794],[-36.819,-71.42],[-39.326,-71.531],[-46.441,-77.614],[-46.921,-78.241],[-46.11,-78.499],[-33.87,-79.605],[-22.588,-80.527]],"c":true},"ix":2},"nm":"Path 1","mn":"ADBE Vector Shape - Group","hd":false},{"ty":"fl","c":{"a":0,"k":[0.807843137255,0.807843137255,0.807843137255,1],"ix":4},"o":{"a":0,"k":100,"ix":5},"r":1,"bm":0,"nm":"Fill 1","mn":"ADBE Vector Graphic - Fill","hd":false},{"ty":"tr","p":{"a":0,"k":[0,0],"ix":2},"a":{"a":0,"k":[0,0],"ix":1},"s":{"a":0,"k":[100,100],"ix":3},"r":{"a":0,"k":0,"ix":6},"o":{"a":0,"k":100,"ix":7},"sk":{"a":0,"k":0,"ix":4},"sa":{"a":0,"k":0,"ix":5},"nm":"Transform"}],"nm":"Group 4","np":2,"cix":2,"bm":0,"ix":4,"mn":"ADBE Vector Group","hd":false}],"ip":0,"op":120,"st":0,"bm":0},{"ddd":0,"ind":9,"ty":4,"nm":"Layer 1","sr":1,"ks":{"o":{"a":0,"k":100,"ix":11},"r":{"a":0,"k":0,"ix":10},"p":{"a":0,"k":[149.92,158.311,0],"ix":2},"a":{"a":0,"k":[-0.08,8.311,0],"ix":1},"s":{"a":0,"k":[100,100,100],"ix":6}},"ao":0,"shapes":[{"ty":"gr","it":[{"ind":0,"ty":"sh","ix":1,"ks":{"a":0,"k":{"i":[[-10.433,-6.894],[13.899,-6.562],[1.659,-0.663],[0.885,-0.295],[9.438,-1.843],[5.014,-0.516],[3.834,-0.147],[4.793,0.332],[2.249,0.258],[-0.037,0.369],[0,0],[-15.227,10.397],[-1.548,1.069],[-6.747,1.622]],"o":[[-2.986,15.484],[-1.659,0.774],[-0.885,0.332],[-8.959,3.06],[-4.94,0.959],[-3.871,0.406],[-4.83,0.184],[-2.286,-0.148],[0,-0.368],[0,0],[11.761,-14.157],[1.548,-1.069],[5.751,-3.908],[11.871,-2.839]],"v":[[84.292,34.87],[54.945,68.272],[49.968,70.41],[47.314,71.369],[19.626,78.816],[4.695,81.065],[-6.882,81.913],[-21.334,81.692],[-28.155,81.065],[-28.044,79.996],[-15.177,74.06],[26.926,38.667],[31.571,35.497],[50.005,25.985]],"c":true},"ix":2},"nm":"Path 1","mn":"ADBE Vector Shape - Group","hd":false},{"ty":"fl","c":{"a":0,"k":[0.113725490196,0.239215686275,0.325490196078,1],"ix":4},"o":{"a":0,"k":100,"ix":5},"r":1,"bm":0,"nm":"Fill 1","mn":"ADBE Vector Graphic - Fill","hd":false},{"ty":"tr","p":{"a":0,"k":[0,0],"ix":2},"a":{"a":0,"k":[0,0],"ix":1},"s":{"a":0,"k":[100,100],"ix":3},"r":{"a":0,"k":0,"ix":6},"o":{"a":0,"k":100,"ix":7},"sk":{"a":0,"k":0,"ix":4},"sa":{"a":0,"k":0,"ix":5},"nm":"Transform"}],"nm":"Group 1","np":2,"cix":2,"bm":0,"ix":1,"mn":"ADBE Vector Group","hd":false},{"ty":"gr","it":[{"ind":0,"ty":"sh","ix":1,"ks":{"a":0,"k":{"i":[[3.65,-20.351],[0,-0.147],[13.899,-6.562],[0.295,-0.111],[1.364,-0.553],[0.884,-0.295],[0.147,-0.037],[9.327,-1.807],[5.014,-0.517],[3.834,-0.147],[4.793,0.332],[2.249,0.258],[11.245,11.687],[-1.659,13.9],[-2.839,5.899],[-3.355,4.424],[-0.074,0.111],[-0.332,0.406],[-0.074,0.148],[-3.318,3.134],[-0.406,0.369],[-0.037,0],[-0.148,0.111],[0,0],[-0.406,0.369],[-0.221,0.148],[-3.171,2.396],[-5.051,3.097],[-2.986,1.659],[-0.664,0.369],[-2.802,1.327],[-0.59,0.295],[-11.613,0.774],[-0.295,0],[-5.235,-1.954],[-7.336,-13.641]],"o":[[-0.037,0.147],[-2.986,15.484],[-0.295,0.148],[-1.364,0.627],[-0.885,0.331],[-0.111,0.037],[-8.848,2.986],[-4.94,0.958],[-3.871,0.405],[-4.83,0.185],[-2.286,-0.147],[-15.558,-1.807],[-12.535,-13.051],[0.737,-6.193],[2.249,-4.756],[0.074,-0.111],[0.332,-0.406],[0.111,-0.148],[2.765,-3.466],[0.406,-0.369],[0.037,-0.037],[0.148,-0.111],[0,0],[0.406,-0.369],[0.184,-0.184],[2.986,-2.654],[4.719,-3.613],[2.913,-1.807],[0.627,-0.369],[2.728,-1.475],[0.59,-0.295],[10.434,-5.014],[0.295,0],[5.309,-0.258],[15.227,5.678],[9.439,17.881]],"v":[[84.403,34.391],[84.329,34.833],[54.982,68.235],[54.097,68.641],[50.005,70.374],[47.351,71.332],[46.982,71.443],[19.663,78.743],[4.731,80.992],[-6.845,81.839],[-21.297,81.618],[-28.118,80.992],[-70.036,62.779],[-85.115,21.597],[-79.659,3.385],[-71.179,-10.404],[-70.921,-10.736],[-69.963,-11.989],[-69.668,-12.395],[-60.561,-22.312],[-59.345,-23.455],[-59.234,-23.529],[-58.829,-23.898],[-58.792,-23.934],[-57.575,-25.04],[-56.985,-25.557],[-47.768,-33.151],[-33.132,-43.216],[-24.247,-48.415],[-22.293,-49.484],[-14.034,-53.687],[-12.265,-54.535],[21.322,-65.3],[22.17,-65.337],[38.023,-62.977],[70.577,-27.547]],"c":true},"ix":2},"nm":"Path 1","mn":"ADBE Vector Shape - Group","hd":false},{"ty":"fl","c":{"a":0,"k":[0.172549019608,0.266666666667,0.360784313725,1],"ix":4},"o":{"a":0,"k":100,"ix":5},"r":1,"bm":0,"nm":"Fill 1","mn":"ADBE Vector Graphic - Fill","hd":false},{"ty":"tr","p":{"a":0,"k":[0,0],"ix":2},"a":{"a":0,"k":[0,0],"ix":1},"s":{"a":0,"k":[100,100],"ix":3},"r":{"a":0,"k":0,"ix":6},"o":{"a":0,"k":100,"ix":7},"sk":{"a":0,"k":0,"ix":4},"sa":{"a":0,"k":0,"ix":5},"nm":"Transform"}],"nm":"Group 2","np":2,"cix":2,"bm":0,"ix":2,"mn":"ADBE Vector Group","hd":false}],"ip":0,"op":120,"st":0,"bm":0}],"markers":[]}